participant_id,filename,duration_sec,blinks,blink_rate_bpm,incomplete_blink_ratio,avg_ibi_sec,redness_index
P001,P001_session.mp4,880,240,15.97,0.095,3.97,0.15
P002,P002_session.mp4,887,224,15.61,0.163,4.46,0.191
P003,P003_session.mp4,871,223,14.85,0.094,5.39,0.223
P004,P004_session.mp4,929,238,15.26,0.146,5.01,0.245
P005,P005_session.mp4,859,178,13.54,0.134,3.91,0.32
P006,P006_session.mp4,906,195,12.55,0.167,4.45,0.229
P007,P007_session.mp4,915,259,17.09,0.162,4.61,0.306
P008,P008_session.mp4,898,219,15.93,0.173,3.79,0.267
P009,P009_session.mp4,894,220,14.21,0.267,3.38,0.397
P010,P010_session.mp4,888,206,13.73,0.172,4.0,0.266
P011,P011_session.mp4,920,200,13.03,0.138,4.38,0.393
P012,P012_session.mp4,907,210,14.08,0.108,4.31,0.229
P013,P013_session.mp4,890,200,14.24,0.234,4.35,0.244
P014,P014_session.mp4,955,217,13.96,0.218,3.03,0.305
P015,P015_session.mp4,887,205,14.35,0.272,4.57,0.272
P016,P016_session.mp4,872,215,15.26,0.16,4.46,0.242
P017,P017_session.mp4,907,183,11.91,0.31,3.28,0.38
P018,P018_session.mp4,908,254,15.95,0.157,4.44,0.231
P019,P019_session.mp4,893,227,14.96,0.139,4.22,0.194
P020,P020_session.mp4,939,202,14.52,0.132,3.9,0.328
P021,P021_session.mp4,884,235,15.87,0.113,4.15,0.214
P022,P022_session.mp4,906,224,14.03,0.179,3.8,0.226
P023,P023_session.mp4,904,246,16.15,0.175,5.04,0.259
P024,P024_session.mp4,907,251,17.12,0.138,5.17,0.171
P025,P025_session.mp4,865,146,9.29,0.339,3.33,0.362
P026,P026_session.mp4,881,201,12.66,0.247,5.55,0.288
P027,P027_session.mp4,904,162,10.37,0.251,3.47,0.305
P028,P028_session.mp4,917,201,12.32,0.209,3.52,0.35
P029,P029_session.mp4,912,178,12.07,0.11,4.85,0.283
P030,P030_session.mp4,909,203,12.61,0.26,3.84,0.295
P031,P031_session.mp4,877,200,13.47,0.16,4.77,0.245
P032,P032_session.mp4,882,202,13.68,0.124,5.0,0.276
P033,P033_session.mp4,917,260,16.49,0.118,4.25,0.27
P034,P034_session.mp4,852,201,12.64,0.231,4.04,0.271
P035,P035_session.mp4,888,151,8.96,0.3,3.56,0.33
P036,P036_session.mp4,848,135,10.13,0.355,3.38,0.36
P037,P037_session.mp4,871,181,12.67,0.15,4.2,0.282
P038,P038_session.mp4,918,217,13.33,0.172,4.63,0.237
P039,P039_session.mp4,912,186,12.25,0.165,4.9,0.319
P040,P040_session.mp4,906,171,11.16,0.268,4.25,0.342
P041,P041_session.mp4,933,231,14.38,0.278,3.25,0.339
P042,P042_session.mp4,949,149,10.45,0.329,3.79,0.241
P043,P043_session.mp4,899,183,11.51,0.26,4.84,0.417
P044,P044_session.mp4,885,189,13.26,0.228,4.02,0.349
P045,P045_session.mp4,908,245,15.93,0.123,4.73,0.239
P046,P046_session.mp4,915,156,11.0,0.312,3.22,0.38
P047,P047_session.mp4,889,250,15.97,0.124,5.1,0.153
P048,P048_session.mp4,951,211,13.39,0.296,3.9,0.352
P049,P049_session.mp4,895,201,13.33,0.169,4.13,0.22
P050,P050_session.mp4,882,221,15.71,0.243,2.87,0.351
P051,P051_session.mp4,902,216,13.87,0.12,3.5,0.377
P052,P052_session.mp4,872,245,17.03,0.126,4.08,0.245
P053,P053_session.mp4,900,232,14.72,0.24,5.14,0.347
P054,P054_session.mp4,881,203,14.61,0.159,4.28,0.279
P055,P055_session.mp4,884,158,10.18,0.204,4.76,0.353
P056,P056_session.mp4,864,185,13.41,0.162,4.4,0.24
P057,P057_session.mp4,891,216,14.59,0.216,4.73,0.187
P058,P058_session.mp4,878,192,12.81,0.195,4.04,0.229
P059,P059_session.mp4,882,201,13.87,0.256,4.48,0.312
P060,P060_session.mp4,913,177,11.11,0.347,3.56,0.359
P061,P061_session.mp4,942,222,14.71,0.251,4.01,0.256
P062,P062_session.mp4,874,211,14.65,0.164,3.32,0.282
P063,P063_session.mp4,881,225,15.32,0.153,5.62,0.249
P064,P064_session.mp4,913,221,14.07,0.118,4.17,0.175
P065,P065_session.mp4,898,192,13.33,0.327,2.87,0.329
P066,P066_session.mp4,924,205,13.36,0.221,4.88,0.297
P067,P067_session.mp4,902,246,16.48,0.11,5.31,0.334
P068,P068_session.mp4,899,200,13.61,0.182,3.87,0.239
P069,P069_session.mp4,915,159,9.95,0.244,3.94,0.279
P070,P070_session.mp4,897,238,15.65,0.08,4.65,0.251
P071,P071_session.mp4,897,237,15.08,0.188,3.81,0.266
P072,P072_session.mp4,858,186,13.23,0.195,3.2,0.211
P073,P073_session.mp4,917,192,12.95,0.218,3.95,0.283
P074,P074_session.mp4,939,301,18.14,0.154,3.8,0.182
P075,P075_session.mp4,883,256,17.07,0.209,4.39,0.185
P076,P076_session.mp4,907,195,13.14,0.241,3.92,0.284
P077,P077_session.mp4,904,207,13.89,0.225,4.14,0.356
P078,P078_session.mp4,886,244,16.55,0.07,4.72,0.265
P079,P079_session.mp4,844,232,16.66,0.259,3.68,0.282
P080,P080_session.mp4,904,242,16.19,0.077,4.88,0.219
P081,P081_session.mp4,894,162,10.7,0.304,3.44,0.355
P082,P082_session.mp4,925,278,17.69,0.149,4.97,0.281
P083,P083_session.mp4,858,212,16.2,0.181,4.14,0.295
P084,P084_session.mp4,867,168,12.08,0.174,4.04,0.305
P085,P085_session.mp4,960,278,16.59,0.142,3.06,0.177
P086,P086_session.mp4,877,190,12.3,0.172,3.92,0.205
P087,P087_session.mp4,906,184,12.38,0.125,4.71,0.243
P088,P088_session.mp4,897,222,13.98,0.063,3.91,0.157
P089,P089_session.mp4,905,136,8.79,0.291,3.97,0.331
P090,P090_session.mp4,867,235,16.05,0.145,3.78,0.188
P091,P091_session.mp4,900,229,15.29,0.197,4.86,0.261
P092,P092_session.mp4,883,234,15.84,0.126,4.85,0.245
P093,P093_session.mp4,898,162,11.11,0.213,3.34,0.327
P094,P094_session.mp4,885,154,10.47,0.349,3.05,0.395
P095,P095_session.mp4,920,231,15.34,0.08,4.15,0.201
P096,P096_session.mp4,868,214,16.22,0.188,5.09,0.251
P097,P097_session.mp4,880,225,15.67,0.236,3.3,0.303
P098,P098_session.mp4,885,250,17.03,0.113,5.8,0.278
P099,P099_session.mp4,874,238,15.59,0.091,3.94,0.206
P100,P100_session.mp4,936,236,14.6,0.08,3.61,0.226
P101,P101_session.mp4,906,181,11.99,0.27,4.25,0.29
P102,P102_session.mp4,912,204,13.0,0.223,3.48,0.308
P103,P103_session.mp4,923,258,17.04,0.207,3.55,0.313
P104,P104_session.mp4,931,190,11.94,0.257,4.31,0.284
P105,P105_session.mp4,960,263,15.51,0.157,4.73,0.243
P106,P106_session.mp4,859,217,15.81,0.094,5.17,0.22
P107,P107_session.mp4,920,172,10.42,0.325,4.19,0.401
P108,P108_session.mp4,865,161,10.41,0.155,5.02,0.194
P109,P109_session.mp4,864,159,12.23,0.24,4.62,0.355
P110,P110_session.mp4,905,221,15.11,0.106,4.65,0.232
P111,P111_session.mp4,870,188,12.76,0.202,4.82,0.328
P112,P112_session.mp4,844,142,9.98,0.264,3.27,0.345
P113,P113_session.mp4,856,209,13.99,0.219,4.58,0.235
P114,P114_session.mp4,840,144,9.18,0.311,3.36,0.413
P115,P115_session.mp4,889,236,14.95,0.117,5.11,0.241
P116,P116_session.mp4,923,231,14.99,0.125,5.54,0.217
P117,P117_session.mp4,927,259,16.52,0.204,3.48,0.275
P118,P118_session.mp4,889,256,16.28,0.094,5.43,0.194
P119,P119_session.mp4,920,164,10.72,0.149,5.39,0.273
P120,P120_session.mp4,931,150,10.22,0.141,4.67,0.173
P121,P121_session.mp4,884,220,15.47,0.19,4.52,0.279
P122,P122_session.mp4,913,248,16.46,0.098,4.37,0.198
P123,P123_session.mp4,931,222,14.2,0.195,4.47,0.295
P124,P124_session.mp4,863,207,14.56,0.204,5.29,0.238
P125,P125_session.mp4,884,221,14.29,0.273,4.14,0.4
P126,P126_session.mp4,880,206,13.24,0.182,5.09,0.276
P127,P127_session.mp4,865,124,8.49,0.295,4.06,0.314
P128,P128_session.mp4,887,178,11.73,0.181,4.17,0.302
P129,P129_session.mp4,959,250,15.89,0.152,4.74,0.24
P130,P130_session.mp4,864,230,15.22,0.121,6.3,0.21
P131,P131_session.mp4,893,219,14.44,0.147,3.09,0.237
P132,P132_session.mp4,903,223,15.52,0.274,3.05,0.37
P133,P133_session.mp4,925,193,12.8,0.131,5.36,0.194
P134,P134_session.mp4,915,217,14.02,0.173,4.43,0.234
P135,P135_session.mp4,866,170,12.5,0.115,3.83,0.247
P136,P136_session.mp4,890,164,11.87,0.132,4.68,0.256
P137,P137_session.mp4,923,246,16.46,0.178,4.22,0.291
P138,P138_session.mp4,880,152,9.73,0.273,2.76,0.287
P139,P139_session.mp4,929,169,10.76,0.353,3.79,0.306
P140,P140_session.mp4,919,229,16.0,0.225,3.57,0.376
P141,P141_session.mp4,911,238,15.0,0.221,5.08,0.304
P142,P142_session.mp4,894,180,12.57,0.265,4.57,0.277
P143,P143_session.mp4,878,193,13.63,0.134,4.59,0.337
P144,P144_session.mp4,886,252,16.24,0.13,3.81,0.246
P145,P145_session.mp4,882,188,13.33,0.217,3.65,0.295
P146,P146_session.mp4,947,187,11.25,0.227,5.12,0.28
P147,P147_session.mp4,905,201,12.48,0.163,4.71,0.303
P148,P148_session.mp4,931,198,12.88,0.194,3.97,0.353
P149,P149_session.mp4,881,169,12.0,0.186,4.0,0.303
P150,P150_session.mp4,904,205,13.85,0.119,4.54,0.178
P151,P151_session.mp4,950,207,13.18,0.083,4.53,0.245
P152,P152_session.mp4,913,185,12.25,0.172,3.87,0.252
P153,P153_session.mp4,901,138,8.69,0.2,4.52,0.285
P154,P154_session.mp4,864,220,16.97,0.103,2.36,0.21
P155,P155_session.mp4,933,198,13.09,0.139,4.44,0.236
P156,P156_session.mp4,942,211,13.21,0.204,5.13,0.254
P157,P157_session.mp4,898,196,13.6,0.18,5.47,0.255
P158,P158_session.mp4,935,234,14.35,0.244,3.46,0.253
P159,P159_session.mp4,880,144,10.34,0.278,4.46,0.319
P160,P160_session.mp4,860,226,16.54,0.087,3.98,0.192
P161,P161_session.mp4,951,266,16.81,0.155,4.85,0.29
P162,P162_session.mp4,886,216,13.51,0.182,3.77,0.342
P163,P163_session.mp4,925,230,15.07,0.143,3.96,0.327
P164,P164_session.mp4,890,283,18.6,0.14,4.53,0.249
P165,P165_session.mp4,876,215,15.54,0.106,3.8,0.141
P166,P166_session.mp4,901,194,12.62,0.283,4.22,0.296
P167,P167_session.mp4,862,193,13.57,0.24,3.98,0.272
P168,P168_session.mp4,903,195,12.97,0.196,3.67,0.313
P169,P169_session.mp4,939,234,14.72,0.175,4.65,0.247
P170,P170_session.mp4,891,193,12.56,0.338,3.82,0.349
P171,P171_session.mp4,909,185,11.83,0.176,3.82,0.247
P172,P172_session.mp4,918,256,15.81,0.216,5.05,0.271
P173,P173_session.mp4,922,240,15.45,0.202,4.42,0.275
P174,P174_session.mp4,894,182,11.64,0.239,4.43,0.312
P175,P175_session.mp4,930,217,13.88,0.249,4.32,0.262
P176,P176_session.mp4,885,173,11.37,0.277,3.96,0.302
P177,P177_session.mp4,909,235,15.13,0.184,3.97,0.25
P178,P178_session.mp4,915,202,14.46,0.113,3.4,0.237
P179,P179_session.mp4,917,207,13.69,0.12,5.46,0.18
P180,P180_session.mp4,915,236,16.76,0.218,4.03,0.347
P181,P181_session.mp4,922,174,11.32,0.317,2.74,0.3
P182,P182_session.mp4,873,194,13.67,0.285,2.6,0.309
P183,P183_session.mp4,911,249,15.37,0.206,4.39,0.24
P184,P184_session.mp4,910,256,16.67,0.158,5.15,0.227
P185,P185_session.mp4,902,209,14.16,0.143,5.59,0.203
P186,P186_session.mp4,938,264,16.49,0.09,3.91,0.21
P187,P187_session.mp4,917,259,15.94,0.167,4.08,0.278
P188,P188_session.mp4,872,219,15.12,0.071,5.23,0.183
P189,P189_session.mp4,870,200,13.09,0.319,3.12,0.309
P190,P190_session.mp4,908,275,17.9,0.059,5.04,0.301
P191,P191_session.mp4,940,200,12.25,0.193,3.84,0.3
P192,P192_session.mp4,892,269,17.47,0.068,4.64,0.208
P193,P193_session.mp4,886,177,10.84,0.18,4.04,0.301
P194,P194_session.mp4,904,183,12.57,0.175,4.24,0.24
P195,P195_session.mp4,928,190,12.49,0.269,3.14,0.312
P196,P196_session.mp4,911,242,16.54,0.055,4.73,0.228
P197,P197_session.mp4,870,239,16.84,0.218,4.69,0.302
P198,P198_session.mp4,851,218,14.22,0.123,3.55,0.307
P199,P199_session.mp4,873,186,12.36,0.215,3.51,0.21
P200,P200_session.mp4,907,179,12.07,0.196,4.49,0.357
P201,P201_session.mp4,876,172,11.86,0.258,5.39,0.302
P202,P202_session.mp4,910,253,15.83,0.068,4.83,0.271
P203,P203_session.mp4,916,180,12.77,0.088,4.36,0.243
P204,P204_session.mp4,920,199,13.25,0.227,3.2,0.336
P205,P205_session.mp4,910,177,10.66,0.351,3.38,0.393
P206,P206_session.mp4,927,228,13.64,0.314,4.69,0.34
P207,P207_session.mp4,874,209,13.55,0.23,4.31,0.254
P208,P208_session.mp4,925,182,12.75,0.344,3.09,0.429
P209,P209_session.mp4,923,244,15.82,0.254,4.05,0.326
P210,P210_session.mp4,909,206,12.19,0.232,3.21,0.314
P211,P211_session.mp4,857,209,14.44,0.146,5.13,0.291
P212,P212_session.mp4,904,208,13.59,0.129,4.37,0.221
P213,P213_session.mp4,897,221,14.86,0.235,4.35,0.268
P214,P214_session.mp4,928,199,13.37,0.264,3.55,0.289
P215,P215_session.mp4,885,201,13.45,0.176,3.83,0.316
P216,P216_session.mp4,902,122,9.11,0.232,3.63,0.327
P217,P217_session.mp4,904,234,15.36,0.094,4.46,0.279
P218,P218_session.mp4,898,173,11.72,0.297,4.54,0.373
P219,P219_session.mp4,905,218,13.33,0.127,3.4,0.202
P220,P220_session.mp4,911,250,17.44,0.156,4.45,0.177
P221,P221_session.mp4,866,155,10.32,0.211,3.83,0.264
P222,P222_session.mp4,917,201,14.15,0.18,4.08,0.279
P223,P223_session.mp4,886,225,14.9,0.218,4.14,0.245
P224,P224_session.mp4,876,147,10.41,0.286,3.34,0.297
P225,P225_session.mp4,879,250,15.93,0.263,4.33,0.404
P226,P226_session.mp4,939,193,11.61,0.152,4.04,0.236
P227,P227_session.mp4,921,206,13.88,0.129,4.93,0.217
P228,P228_session.mp4,892,182,12.58,0.17,4.08,0.186
P229,P229_session.mp4,943,170,10.35,0.299,3.89,0.307
P230,P230_session.mp4,870,220,15.35,0.204,4.76,0.347
P231,P231_session.mp4,909,207,14.08,0.222,2.86,0.289
P232,P232_session.mp4,936,229,14.24,0.138,3.67,0.251
P233,P233_session.mp4,886,213,14.61,0.132,3.61,0.216
P234,P234_session.mp4,862,202,13.57,0.209,5.31,0.331
P235,P235_session.mp4,910,188,13.07,0.126,4.99,0.184
P236,P236_session.mp4,900,237,14.02,0.206,4.78,0.261
P237,P237_session.mp4,889,229,14.8,0.136,5.19,0.267
P238,P238_session.mp4,880,198,13.43,0.045,3.66,0.186
P239,P239_session.mp4,938,195,12.13,0.21,4.19,0.331
P240,P240_session.mp4,915,200,14.34,0.176,5.06,0.269
P241,P241_session.mp4,909,226,13.46,0.195,4.59,0.253
P242,P242_session.mp4,906,173,11.62,0.175,4.3,0.227
P243,P243_session.mp4,912,227,15.41,0.265,4.18,0.382
P244,P244_session.mp4,880,207,13.47,0.143,4.59,0.232
P245,P245_session.mp4,873,166,12.23,0.378,3.91,0.265
P246,P246_session.mp4,911,168,11.24,0.269,4.43,0.296
P247,P247_session.mp4,920,207,13.53,0.138,4.34,0.226
P248,P248_session.mp4,884,187,12.83,0.168,4.89,0.266
P249,P249_session.mp4,876,192,13.34,0.158,3.43,0.258
P250,P250_session.mp4,960,266,16.39,0.199,4.5,0.254
P251,P251_session.mp4,898,151,11.0,0.298,3.26,0.287
P252,P252_session.mp4,886,202,13.9,0.07,5.12,0.189
P253,P253_session.mp4,933,209,13.27,0.103,3.72,0.186
P254,P254_session.mp4,852,217,15.11,0.156,3.79,0.26
P255,P255_session.mp4,876,165,11.98,0.274,3.97,0.36
P256,P256_session.mp4,894,231,15.39,0.073,4.39,0.241
P257,P257_session.mp4,904,193,13.12,0.289,5.47,0.396
P258,P258_session.mp4,937,223,13.5,0.214,4.39,0.236
P259,P259_session.mp4,865,214,15.4,0.094,5.7,0.229
P260,P260_session.mp4,892,277,18.01,0.119,5.45,0.152
P261,P261_session.mp4,864,215,14.97,0.139,3.91,0.304
P262,P262_session.mp4,881,218,14.26,0.134,4.62,0.258
P263,P263_session.mp4,945,170,10.96,0.201,3.72,0.227
P264,P264_session.mp4,929,210,12.71,0.228,3.98,0.335
P265,P265_session.mp4,889,185,12.14,0.223,4.9,0.238
P266,P266_session.mp4,913,216,11.8,0.269,3.5,0.278
P267,P267_session.mp4,888,240,16.3,0.124,4.68,0.234
P268,P268_session.mp4,960,248,16.33,0.14,3.35,0.236
P269,P269_session.mp4,893,190,12.18,0.267,4.37,0.372
P270,P270_session.mp4,872,189,13.04,0.241,3.25,0.249
P271,P271_session.mp4,935,240,14.73,0.055,4.94,0.117
P272,P272_session.mp4,891,179,11.0,0.332,3.45,0.382
P273,P273_session.mp4,934,209,12.78,0.121,4.17,0.16
P274,P274_session.mp4,932,227,13.52,0.254,3.33,0.347
P275,P275_session.mp4,921,177,11.76,0.202,3.31,0.286
P276,P276_session.mp4,888,196,13.42,0.166,3.23,0.325
P277,P277_session.mp4,920,255,16.58,0.075,5.65,0.215
P278,P278_session.mp4,908,276,18.18,0.117,4.0,0.164
P279,P279_session.mp4,901,147,9.22,0.31,2.15,0.336
P280,P280_session.mp4,928,251,16.79,0.189,3.67,0.191
P281,P281_session.mp4,883,235,15.56,0.092,5.36,0.197
P282,P282_session.mp4,909,215,14.68,0.219,5.41,0.275
P283,P283_session.mp4,898,139,9.33,0.328,4.29,0.331
P284,P284_session.mp4,913,222,15.13,0.187,4.58,0.282
P285,P285_session.mp4,870,257,17.76,0.167,4.79,0.169
P286,P286_session.mp4,876,218,15.21,0.117,4.85,0.218
P287,P287_session.mp4,911,186,12.7,0.124,4.58,0.24
P288,P288_session.mp4,845,194,13.98,0.19,4.31,0.316
P289,P289_session.mp4,843,190,14.26,0.26,3.84,0.387
P290,P290_session.mp4,886,232,15.76,0.138,4.26,0.239
P291,P291_session.mp4,903,215,13.07,0.086,4.64,0.295
P292,P292_session.mp4,840,175,12.9,0.072,5.74,0.268
P293,P293_session.mp4,873,225,14.76,0.197,4.38,0.257
P294,P294_session.mp4,910,258,17.27,0.123,4.71,0.245
P295,P295_session.mp4,917,226,14.58,0.136,4.72,0.185
P296,P296_session.mp4,903,208,14.31,0.227,3.15,0.28
P297,P297_session.mp4,887,189,12.47,0.123,5.41,0.196
P298,P298_session.mp4,890,252,16.55,0.172,3.38,0.253
P299,P299_session.mp4,938,200,12.42,0.244,4.41,0.375
P300,P300_session.mp4,883,239,16.26,0.188,3.8,0.215
P301,P301_session.mp4,893,208,12.86,0.128,4.22,0.22
P302,P302_session.mp4,850,139,9.76,0.231,3.25,0.26
P303,P303_session.mp4,887,170,11.59,0.209,3.93,0.272
P304,P304_session.mp4,899,225,14.75,0.133,4.2,0.221
P305,P305_session.mp4,903,218,14.51,0.08,4.37,0.282
P306,P306_session.mp4,881,238,15.88,0.167,3.87,0.298
P307,P307_session.mp4,937,209,13.58,0.136,3.86,0.288
P308,P308_session.mp4,861,213,15.37,0.094,4.72,0.153
P309,P309_session.mp4,949,198,12.53,0.284,3.53,0.271
P310,P310_session.mp4,856,167,13.23,0.176,6.07,0.315
P311,P311_session.mp4,872,145,10.35,0.251,4.22,0.308
P312,P312_session.mp4,864,185,13.14,0.17,4.03,0.283
P313,P313_session.mp4,886,229,15.17,0.118,3.97,0.274
P314,P314_session.mp4,941,220,14.27,0.107,4.07,0.245
P315,P315_session.mp4,893,212,14.18,0.128,3.84,0.238
P316,P316_session.mp4,931,149,10.1,0.372,2.67,0.334
P317,P317_session.mp4,851,188,13.89,0.202,3.47,0.264
P318,P318_session.mp4,916,153,11.35,0.173,4.83,0.247
P319,P319_session.mp4,910,140,9.62,0.364,3.94,0.407
P320,P320_session.mp4,854,205,14.85,0.155,5.8,0.326
P321,P321_session.mp4,904,259,16.54,0.158,5.51,0.254
P322,P322_session.mp4,902,179,12.47,0.25,4.08,0.264
P323,P323_session.mp4,948,170,11.58,0.272,2.48,0.354
P324,P324_session.mp4,879,167,11.93,0.086,4.99,0.225
P325,P325_session.mp4,874,206,14.36,0.132,5.27,0.204
P326,P326_session.mp4,840,197,14.08,0.19,4.51,0.245
P327,P327_session.mp4,918,227,15.31,0.104,4.91,0.302
P328,P328_session.mp4,885,184,10.89,0.205,4.47,0.262
P329,P329_session.mp4,924,233,15.29,0.156,4.14,0.293
P330,P330_session.mp4,929,159,9.87,0.177,3.63,0.299
P331,P331_session.mp4,932,245,16.35,0.256,4.46,0.198
P332,P332_session.mp4,920,255,15.17,0.206,5.21,0.233
P333,P333_session.mp4,888,252,17.0,0.152,4.95,0.184
P334,P334_session.mp4,866,213,14.22,0.135,4.63,0.257
P335,P335_session.mp4,926,219,13.92,0.229,4.65,0.298
P336,P336_session.mp4,909,151,10.14,0.223,2.89,0.36
P337,P337_session.mp4,914,240,14.59,0.228,4.72,0.289
P338,P338_session.mp4,931,204,13.31,0.146,4.27,0.279
P339,P339_session.mp4,854,167,13.32,0.115,4.6,0.225
P340,P340_session.mp4,877,136,9.71,0.369,1.9,0.376
P341,P341_session.mp4,902,178,12.29,0.234,4.11,0.208
P342,P342_session.mp4,878,203,13.66,0.125,4.97,0.148
P343,P343_session.mp4,881,171,10.19,0.318,3.78,0.291
P344,P344_session.mp4,890,130,8.76,0.315,3.08,0.411
P345,P345_session.mp4,914,222,14.04,0.187,3.92,0.226
P346,P346_session.mp4,918,154,10.08,0.262,3.61,0.318
P347,P347_session.mp4,897,176,12.1,0.231,3.0,0.299
P348,P348_session.mp4,924,227,14.56,0.316,4.44,0.299
P349,P349_session.mp4,937,250,16.0,0.174,4.69,0.205
P350,P350_session.mp4,872,254,16.71,0.171,5.02,0.256
P351,P351_session.mp4,914,180,11.34,0.357,4.13,0.416
P352,P352_session.mp4,857,207,13.88,0.171,5.88,0.26
P353,P353_session.mp4,890,233,15.5,0.186,3.72,0.364
P354,P354_session.mp4,935,197,12.65,0.292,3.77,0.462
P355,P355_session.mp4,854,229,14.75,0.097,4.41,0.188
P356,P356_session.mp4,906,211,14.05,0.182,4.04,0.25
P357,P357_session.mp4,902,204,13.93,0.157,5.29,0.233
P358,P358_session.mp4,911,185,11.77,0.158,3.16,0.34
P359,P359_session.mp4,867,215,14.75,0.15,4.43,0.272
P360,P360_session.mp4,888,236,14.61,0.294,3.78,0.296
P361,P361_session.mp4,901,178,11.9,0.238,4.27,0.368
P362,P362_session.mp4,887,263,16.89,0.068,4.69,0.216
P363,P363_session.mp4,954,265,17.03,0.076,4.66,0.134
P364,P364_session.mp4,871,184,12.24,0.387,4.0,0.34
P365,P365_session.mp4,925,211,14.27,0.158,4.37,0.256
P366,P366_session.mp4,915,265,17.48,0.146,3.65,0.21
P367,P367_session.mp4,876,194,13.69,0.181,4.31,0.284
P368,P368_session.mp4,881,199,13.81,0.194,4.25,0.288
P369,P369_session.mp4,886,191,12.83,0.138,4.65,0.253
P370,P370_session.mp4,917,254,15.69,0.122,5.25,0.339
P371,P371_session.mp4,889,186,11.94,0.259,5.04,0.32
P372,P372_session.mp4,922,219,13.69,0.201,3.56,0.231
P373,P373_session.mp4,867,216,14.45,0.148,4.25,0.283
P374,P374_session.mp4,916,179,12.75,0.239,3.69,0.327
P375,P375_session.mp4,882,172,11.98,0.296,4.18,0.335
P376,P376_session.mp4,943,190,10.33,0.291,3.6,0.368
P377,P377_session.mp4,946,153,9.81,0.296,3.51,0.416
P378,P378_session.mp4,916,165,11.16,0.288,3.58,0.37
P379,P379_session.mp4,870,197,14.23,0.235,4.13,0.271
P380,P380_session.mp4,902,218,14.18,0.143,3.98,0.16
P381,P381_session.mp4,925,225,14.69,0.165,3.45,0.276
P382,P382_session.mp4,935,243,15.97,0.133,5.27,0.223
P383,P383_session.mp4,899,221,14.38,0.278,3.82,0.289
P384,P384_session.mp4,931,177,10.89,0.215,5.32,0.259
P385,P385_session.mp4,850,206,14.01,0.144,4.39,0.284
P386,P386_session.mp4,901,263,17.74,0.112,4.89,0.135
P387,P387_session.mp4,926,169,11.02,0.247,4.2,0.352
P388,P388_session.mp4,889,211,14.39,0.229,4.49,0.346
P389,P389_session.mp4,886,127,8.29,0.157,3.54,0.117
P390,P390_session.mp4,924,195,13.01,0.201,4.59,0.297
P391,P391_session.mp4,872,211,14.26,0.181,4.11,0.293
P392,P392_session.mp4,865,211,14.02,0.187,3.83,0.287
P393,P393_session.mp4,873,150,10.81,0.144,3.65,0.304
P394,P394_session.mp4,931,226,13.89,0.322,4.53,0.347
P395,P395_session.mp4,884,208,15.95,0.137,5.35,0.226
P396,P396_session.mp4,899,205,14.06,0.291,4.0,0.348
P397,P397_session.mp4,937,224,14.02,0.131,5.7,0.25
P398,P398_session.mp4,912,176,11.82,0.325,2.82,0.286
P399,P399_session.mp4,927,222,14.73,0.102,3.95,0.285
P400,P400_session.mp4,895,166,11.12,0.283,3.35,0.374
P401,P401_session.mp4,897,233,15.98,0.175,3.63,0.347
P402,P402_session.mp4,893,209,14.28,0.263,2.99,0.352
P403,P403_session.mp4,858,170,11.69,0.224,3.31,0.354
P404,P404_session.mp4,917,180,12.48,0.255,3.48,0.313
P405,P405_session.mp4,960,259,16.43,0.155,4.51,0.244
P406,P406_session.mp4,905,189,12.04,0.176,3.51,0.266
P407,P407_session.mp4,903,160,9.97,0.249,3.49,0.324
P408,P408_session.mp4,901,234,14.86,0.151,4.72,0.229
P409,P409_session.mp4,912,210,13.04,0.305,3.36,0.344
P410,P410_session.mp4,919,204,14.88,0.087,4.76,0.226
P411,P411_session.mp4,886,196,13.93,0.169,5.44,0.289
P412,P412_session.mp4,891,214,14.6,0.219,4.32,0.319
P413,P413_session.mp4,907,200,12.95,0.255,4.57,0.378
P414,P414_session.mp4,883,192,12.39,0.247,4.8,0.296
P415,P415_session.mp4,855,189,12.92,0.193,4.74,0.318
P416,P416_session.mp4,920,186,12.71,0.317,4.57,0.322
P417,P417_session.mp4,919,228,14.75,0.183,4.01,0.317
P418,P418_session.mp4,871,177,12.37,0.215,4.19,0.296
P419,P419_session.mp4,914,205,13.73,0.206,3.96,0.258
P420,P420_session.mp4,949,270,17.22,0.174,3.89,0.289
P421,P421_session.mp4,868,202,13.54,0.121,6.04,0.243
P422,P422_session.mp4,895,228,14.89,0.067,4.65,0.211
P423,P423_session.mp4,899,197,13.51,0.254,3.36,0.254
P424,P424_session.mp4,881,243,15.91,0.165,4.38,0.223
P425,P425_session.mp4,921,200,13.32,0.191,4.75,0.226
P426,P426_session.mp4,880,204,13.27,0.137,4.61,0.204
P427,P427_session.mp4,884,202,14.66,0.255,3.64,0.293
P428,P428_session.mp4,901,180,12.88,0.228,5.52,0.376
P429,P429_session.mp4,925,227,15.53,0.251,3.95,0.321
P430,P430_session.mp4,929,272,16.79,0.153,5.45,0.178
P431,P431_session.mp4,897,217,14.92,0.177,3.76,0.312
P432,P432_session.mp4,904,233,16.6,0.139,5.16,0.179
P433,P433_session.mp4,936,203,13.95,0.177,3.08,0.226
P434,P434_session.mp4,917,208,13.34,0.088,4.63,0.256
P435,P435_session.mp4,890,174,11.2,0.2,3.75,0.278
P436,P436_session.mp4,900,198,14.41,0.255,2.72,0.284
P437,P437_session.mp4,897,132,9.63,0.308,3.72,0.314
P438,P438_session.mp4,935,223,13.75,0.238,4.59,0.386
P439,P439_session.mp4,869,201,14.42,0.11,4.3,0.263
P440,P440_session.mp4,915,210,13.72,0.247,3.58,0.344
P441,P441_session.mp4,852,189,13.62,0.189,4.54,0.365
P442,P442_session.mp4,878,173,11.37,0.216,4.15,0.41
P443,P443_session.mp4,860,172,11.82,0.293,4.26,0.34
P444,P444_session.mp4,872,212,14.73,0.145,5.03,0.324
P445,P445_session.mp4,862,146,11.5,0.195,4.16,0.3
P446,P446_session.mp4,922,240,15.73,0.195,4.62,0.273
P447,P447_session.mp4,846,212,15.0,0.154,3.97,0.266
P448,P448_session.mp4,953,238,15.09,0.269,4.51,0.291
P449,P449_session.mp4,949,183,11.36,0.157,4.94,0.256
P450,P450_session.mp4,905,273,17.51,0.187,5.02,0.294
